-- phpMyAdmin SQL Dump
-- version 4.5.2
-- http://www.phpmyadmin.net
--
-- Host: localhost
-- Generation Time: Dec 05, 2016 at 06:34 AM
-- Server version: 10.1.10-MariaDB
-- PHP Version: 7.0.2

SET SQL_MODE = "NO_AUTO_VALUE_ON_ZERO";
SET time_zone = "+00:00";


/*!40101 SET @OLD_CHARACTER_SET_CLIENT=@@CHARACTER_SET_CLIENT */;
/*!40101 SET @OLD_CHARACTER_SET_RESULTS=@@CHARACTER_SET_RESULTS */;
/*!40101 SET @OLD_COLLATION_CONNECTION=@@COLLATION_CONNECTION */;
/*!40101 SET NAMES utf8mb4 */;

--
-- Database: `DB_RV`
--

CREATE DATABASE IF NOT EXISTS DB_RV;

USE DB_RV;

DROP TABLE IF EXISTS city;
DROP TABLE IF EXISTS state;
DROP TABLE IF EXISTS user;
DROP TABLE IF EXISTS user_city;


-- --------------------------------------------------------

--
-- Table structure for table `city`
--



CREATE TABLE `city` (
  `Name` varchar(20) DEFAULT NULL,
  `StateID` int(11) DEFAULT NULL,
  `Status` varchar(8) DEFAULT NULL,
  `Latitude` decimal(8,6) DEFAULT NULL,
  `Longitude` decimal(10,6) DEFAULT NULL,
  `DateAdded` date DEFAULT NULL,
  `DateTimeAdded` date DEFAULT NULL,
  `LastUpdated` date DEFAULT NULL,
  `ID` int(11) NOT NULL
) ENGINE=InnoDB DEFAULT CHARSET=utf8;

--
-- Dumping data for table `city`
--

INSERT INTO `city` (`Name`, `StateID`, `Status`, `Latitude`, `Longitude`, `DateAdded`, `DateTimeAdded`, `LastUpdated`, `ID`) VALUES
('Akron', 1, 'verified', '32.878020', '-87.743989', '2015-03-01', '2015-03-01', '2015-03-01', 1),
('Huntsville', 1, 'verified', '34.729135', '-86.584979', '2015-03-01', '2015-03-01', '2015-03-01', 2),
('Addison', 1, 'verified', '34.202175', '-87.181384', '2015-03-01', '2015-03-01', '2015-03-01', 3),
('Montgomery', 1, 'verified', '32.380120', '-86.300629', '2015-03-01', '2015-03-01', '2015-03-01', 4),
('Birmingham', 1, 'verified', '33.520295', '-86.811504', '2015-03-01', '2015-03-01', '2015-03-01', 5),
('Somerville', 1, 'verified', '34.471155', '-86.799394', '2015-03-01', '2015-03-01', '2015-03-01', 6),
('Albertville', 1, 'verified', '34.269515', '-86.207944', '2015-03-01', '2015-03-01', '2015-03-01', 7),
('Alexander City', 1, 'verified', '32.938845', '-85.952950', '2015-03-01', '2015-03-01', '2015-03-01', 8),
('Alexandria', 1, 'verified', '33.766980', '-85.892347', '2015-03-01', '2015-03-01', '2015-03-01', 9),
('Aliceville', 1, 'verified', '33.129430', '-88.153104', '2015-03-01', '2015-03-01', '2015-03-01', 10),
('Irvington', 1, 'verified', '30.514973', '-88.222122', '2015-03-01', '2015-03-01', '2015-03-01', 11),
('Andalusia', 1, 'verified', '31.319599', '-86.495424', '2015-03-01', '2015-03-01', '2015-03-01', 12),
('Anniston', 1, 'verified', '33.657110', '-85.819449', '2015-03-01', '2015-03-01', '2015-03-01', 13),
('Oneonta', 1, 'verified', '33.948315', '-86.472939', '2015-03-01', '2015-03-01', '2015-03-01', 14),
('Arab', 1, 'verified', '34.322876', '-86.495350', '2015-03-01', '2015-03-01', '2015-03-01', 15),
('Ashford', 1, 'verified', '31.187665', '-85.234823', '2015-03-01', '2015-03-01', '2015-03-01', 16),
('Ashville', 1, 'verified', '33.836510', '-86.254749', '2015-03-01', '2015-03-01', '2015-03-01', 17),
('Athens', 1, 'verified', '34.804500', '-86.971279', '2015-03-01', '2015-03-01', '2015-03-01', 18),
('Auburn', 1, 'verified', '32.607465', '-85.481735', '2015-03-01', '2015-03-01', '2015-03-01', 19),
('Prattville', 1, 'verified', '32.461855', '-86.450749', '2015-03-01', '2015-03-01', '2015-03-01', 20),
('Decatur', 1, 'verified', '34.607389', '-86.979767', '2015-03-01', '2015-03-01', '2015-03-01', 21),
('Mobile', 1, 'verified', '30.686395', '-88.053239', '2015-03-01', '2015-03-01', '2015-03-01', 22),
('Bay Minette', 1, 'verified', '30.882904', '-87.773568', '2015-03-01', '2015-03-01', '2015-03-01', 23),
('Clayton', 1, 'verified', '31.878775', '-85.449644', '2015-03-01', '2015-03-01', '2015-03-01', 24),
('Opelika', 1, 'verified', '32.650500', '-85.380649', '2015-03-01', '2015-03-01', '2015-03-01', 25),
('Berry', 1, 'verified', '33.660343', '-87.600082', '2015-03-01', '2015-03-01', '2015-03-01', 26),
('Valley', 1, 'verified', '32.843965', '-85.180929', '2015-03-01', '2015-03-01', '2015-03-01', 27),
('West Blocton', 1, 'verified', '33.115377', '-87.118992', '2015-03-01', '2015-03-01', '2015-03-01', 28),
('Centreville', 1, 'verified', '32.944880', '-87.134714', '2015-03-01', '2015-03-01', '2015-03-01', 29),
('Cleveland', 1, 'verified', '33.991515', '-86.577049', '2015-03-01', '2015-03-01', '2015-03-01', 30),
('Eight Mile', 1, 'verified', '30.775282', '-88.177529', '2015-03-01', '2015-03-01', '2015-03-01', 31),
('Boaz', 1, 'verified', '34.197630', '-86.165596', '2015-03-01', '2015-03-01', '2015-03-01', 32),
('Madison', 1, 'verified', '34.705885', '-86.750953', '2015-03-01', '2015-03-01', '2015-03-01', 33),
('Tuskegee', 1, 'verified', '32.424055', '-85.689779', '2015-03-01', '2015-03-01', '2015-03-01', 34),
('Florence', 1, 'verified', '34.800465', '-87.675254', '2015-03-01', '2015-03-01', '2015-03-01', 35),
('Brantley', 1, 'verified', '31.582430', '-86.256884', '2015-03-01', '2015-03-01', '2015-03-01', 36),
('Sylacauga', 1, 'verified', '33.171565', '-86.250254', '2015-03-01', '2015-03-01', '2015-03-01', 37),
('Killen', 1, 'verified', '34.859229', '-87.529569', '2015-03-01', '2015-03-01', '2015-03-01', 38),
('Brookwood', 1, 'verified', '33.254320', '-87.326719', '2015-03-01', '2015-03-01', '2015-03-01', 39),
('New Market', 1, 'verified', '34.909465', '-86.427789', '2015-03-01', '2015-03-01', '2015-03-01', 40),
('Union Springs', 1, 'verified', '32.146145', '-85.712674', '2015-03-01', '2015-03-01', '2015-03-01', 41),
('Hunstville', 1, 'verified', '32.614360', '-86.680737', '2015-03-01', '2015-03-01', '2015-03-01', 42),
('Letohatchee', 1, 'verified', '32.052205', '-86.547334', '2015-03-01', '2015-03-01', '2015-03-01', 43),
('Carbon Hill', 1, 'verified', '33.888480', '-87.528889', '2015-03-01', '2015-03-01', '2015-03-01', 44),
('Ozark', 1, 'verified', '31.458955', '-85.640714', '2015-03-01', '2015-03-01', '2015-03-01', 45),
('Cedar Bluff', 1, 'verified', '34.217656', '-85.607709', '2015-03-01', '2015-03-01', '2015-03-01', 46),
('Tuscaloosa', 1, 'verified', '33.210435', '-87.566214', '2015-03-01', '2015-03-01', '2015-03-01', 47),
('Rockford', 1, 'verified', '32.889938', '-86.219170', '2015-03-01', '2015-03-01', '2015-03-01', 48),
('Phenix City', 1, 'verified', '32.467640', '-85.000823', '2015-03-01', '2015-03-01', '2015-03-01', 49),
('Troy', 1, 'verified', '31.809675', '-85.972173', '2015-03-01', '2015-03-01', '2015-03-01', 50),
('Centre', 1, 'verified', '34.152189', '-85.679685', '2015-03-01', '2015-03-01', '2015-03-01', 51),
('Cherokee', 1, 'verified', '34.755480', '-87.973404', '2015-03-01', '2015-03-01', '2015-03-01', 52),
('Childersburg', 1, 'verified', '33.276737', '-86.360671', '2015-03-01', '2015-03-01', '2015-03-01', 53),
('Clanton', 1, 'verified', '32.840570', '-86.631863', '2015-03-01', '2015-03-01', '2015-03-01', 54),
('Butler', 1, 'verified', '32.089355', '-88.221279', '2015-03-01', '2015-03-01', '2015-03-01', 55),
('Citronelle', 1, 'verified', '31.092724', '-88.238130', '2015-03-01', '2015-03-01', '2015-03-01', 56),
('Grove Hill', 1, 'verified', '31.709340', '-87.776644', '2015-03-01', '2015-03-01', '2015-03-01', 57),
('CPinson', 1, 'verified', '32.614360', '-86.680737', '2015-03-01', '2015-03-01', '2015-03-01', 58),
('Ashland', 1, 'verified', '33.274310', '-85.835464', '2015-03-01', '2015-03-01', '2015-03-01', 59),
('Coffeeville', 1, 'verified', '31.756960', '-88.091134', '2015-03-01', '2015-03-01', '2015-03-01', 60),
('Leighton', 1, 'verified', '34.697807', '-87.528989', '2015-03-01', '2015-03-01', '2015-03-01', 61),
('Tuscumbia', 1, 'verified', '34.731285', '-87.702839', '2015-03-01', '2015-03-01', '2015-03-01', 62),
('Bremen', 1, 'verified', '33.969667', '-86.990867', '2015-03-01', '2015-03-01', '2015-03-01', 63),
('Cordova', 1, 'verified', '33.754915', '-87.182199', '2015-03-01', '2015-03-01', '2015-03-01', 64),
('Courtland', 1, 'verified', '34.669075', '-87.308469', '2015-03-01', '2015-03-01', '2015-03-01', 65),
('Cullman', 1, 'verified', '34.174375', '-86.843454', '2015-03-01', '2015-03-01', '2015-03-01', 66),
('Jasper', 1, 'verified', '33.831278', '-87.281374', '2015-03-01', '2015-03-01', '2015-03-01', 67),
('Dadeville', 1, 'verified', '32.828850', '-85.764549', '2015-03-01', '2015-03-01', '2015-03-01', 68),
('Daleville', 1, 'verified', '31.307060', '-85.713914', '2015-03-01', '2015-03-01', '2015-03-01', 69),
('Plantersville', 1, 'verified', '32.659615', '-86.923664', '2015-03-01', '2015-03-01', '2015-03-01', 70),
('Danville', 1, 'verified', '34.414765', '-87.086909', '2015-03-01', '2015-03-01', '2015-03-01', 71),
('Daphne', 1, 'verified', '30.603905', '-87.901509', '2015-03-01', '2015-03-01', '2015-03-01', 72),
('Verbena', 1, 'verified', '32.753645', '-86.510739', '2015-03-01', '2015-03-01', '2015-03-01', 73),
('Rainsville', 1, 'verified', '34.495284', '-85.846467', '2015-03-01', '2015-03-01', '2015-03-01', 74),
('Demopolis', 1, 'verified', '32.504764', '-87.837854', '2015-03-01', '2015-03-01', '2015-03-01', 75),
('Drdora', 1, 'verified', '32.614360', '-86.680737', '2015-03-01', '2015-03-01', '2015-03-01', 76),
('Dothan', 1, 'verified', '31.223240', '-85.393329', '2015-03-01', '2015-03-01', '2015-03-01', 77),
('Douglas', 1, 'verified', '34.175113', '-86.321097', '2015-03-01', '2015-03-01', '2015-03-01', 78),
('Elba', 1, 'verified', '31.414590', '-86.067359', '2015-03-01', '2015-03-01', '2015-03-01', 79),
('Gadsden', 1, 'verified', '34.014772', '-86.007172', '2015-03-01', '2015-03-01', '2015-03-01', 80),
('Eclectic', 1, 'verified', '32.635990', '-86.034630', '2015-03-01', '2015-03-01', '2015-03-01', 81),
('Enterprise', 1, 'verified', '31.315215', '-85.854674', '2015-03-01', '2015-03-01', '2015-03-01', 82),
('Attalla', 1, 'verified', '34.021445', '-86.088919', '2015-03-01', '2015-03-01', '2015-03-01', 83),
('Fairfield', 1, 'verified', '33.490612', '-86.915661', '2015-03-01', '2015-03-01', '2015-03-01', 84),
('Fairhope', 1, 'verified', '30.536354', '-87.886199', '2015-03-01', '2015-03-01', '2015-03-01', 85),
('Falkville', 1, 'verified', '34.368830', '-86.907229', '2015-03-01', '2015-03-01', '2015-03-01', 86),
('Prichard', 1, 'verified', '30.737970', '-88.081264', '2015-03-01', '2015-03-01', '2015-03-01', 87),
('Fayette', 1, 'verified', '33.685115', '-87.828978', '2015-03-01', '2015-03-01', '2015-03-01', 88),
('Florala', 1, 'verified', '31.018975', '-86.326644', '2015-03-01', '2015-03-01', '2015-03-01', 89),
('Foley', 1, 'verified', '30.405850', '-87.683799', '2015-03-01', '2015-03-01', '2015-03-01', 90),
('Greenville', 1, 'verified', '31.829446', '-86.633489', '2015-03-01', '2015-03-01', '2015-03-01', 91),
('Fort Payne', 1, 'verified', '34.441318', '-85.714378', '2015-03-01', '2015-03-01', '2015-03-01', 92),
('Russellville', 1, 'verified', '34.507430', '-87.728409', '2015-03-01', '2015-03-01', '2015-03-01', 93),
('Frisco City', 1, 'verified', '31.434259', '-87.399483', '2015-03-01', '2015-03-01', '2015-03-01', 94),
('Gardendale', 1, 'verified', '33.651160', '-86.811394', '2015-03-01', '2015-03-01', '2015-03-01', 95),
('Gaylesville', 1, 'verified', '34.266092', '-85.560267', '2015-03-01', '2015-03-01', '2015-03-01', 96),
('Hartford', 1, 'verified', '31.102250', '-85.696049', '2015-03-01', '2015-03-01', '2015-03-01', 97),
('Geneva', 1, 'verified', '31.042149', '-85.867019', '2015-03-01', '2015-03-01', '2015-03-01', 98),
('Skipperville', 1, 'verified', '31.564931', '-85.531672', '2015-03-01', '2015-03-01', '2015-03-01', 99),
('Glencoe', 1, 'verified', '33.959705', '-85.934459', '2015-03-01', '2015-03-01', '2015-03-01', 100),
('Gordo', 1, 'verified', '33.318781', '-87.907645', '2015-03-01', '2015-03-01', '2015-03-01', 101),
('Eutaw', 1, 'verified', '32.840590', '-87.887844', '2015-03-01', '2015-03-01', '2015-03-01', 102),
('Gulf Shores', 1, 'verified', '30.277320', '-87.683094', '2015-03-01', '2015-03-01', '2015-03-01', 103),
('Guntersville', 1, 'verified', '34.351130', '-86.299159', '2015-03-01', '2015-03-01', '2015-03-01', 104),
('Moundville', 1, 'verified', '32.998650', '-87.622279', '2015-03-01', '2015-03-01', '2015-03-01', 105),
('Haleyville', 1, 'verified', '34.227425', '-87.621439', '2015-03-01', '2015-03-01', '2015-03-01', 106),
('Hanceville', 1, 'verified', '34.061710', '-86.769509', '2015-03-01', '2015-03-01', '2015-03-01', 107),
('Roanoke', 1, 'verified', '33.152290', '-85.375299', '2015-03-01', '2015-03-01', '2015-03-01', 108),
('Hartselle', 1, 'verified', '34.444765', '-86.935250', '2015-03-01', '2015-03-01', '2015-03-01', 109),
('Town Creek', 1, 'verified', '34.681260', '-87.407489', '2015-03-01', '2015-03-01', '2015-03-01', 110),
('Hayden', 1, 'verified', '33.892695', '-86.751867', '2015-03-01', '2015-03-01', '2015-03-01', 111),
('Hazel Green', 1, 'verified', '34.928785', '-86.571848', '2015-03-01', '2015-03-01', '2015-03-01', 112),
('Headland', 1, 'verified', '31.351472', '-85.342423', '2015-03-01', '2015-03-01', '2015-03-01', 113),
('Trussville', 1, 'verified', '33.621385', '-86.602739', '2015-03-01', '2015-03-01', '2015-03-01', 114),
('Hokes Bluff', 1, 'verified', '33.987230', '-85.883749', '2015-03-01', '2015-03-01', '2015-03-01', 115),
('Holly Pond', 1, 'verified', '34.174315', '-86.617874', '2015-03-01', '2015-03-01', '2015-03-01', 116),
('Deatsville', 1, 'verified', '32.609419', '-86.398016', '2015-03-01', '2015-03-01', '2015-03-01', 117),
('Homewood', 1, 'verified', '33.478774', '-86.789670', '2015-03-01', '2015-03-01', '2015-03-01', 118),
('Columbia', 1, 'verified', '31.292765', '-85.111004', '2015-03-01', '2015-03-01', '2015-03-01', 119),
('Hueytown', 1, 'verified', '33.442804', '-86.994609', '2015-03-01', '2015-03-01', '2015-03-01', 120),
('Blountsville', 1, 'verified', '34.086615', '-86.589489', '2015-03-01', '2015-03-01', '2015-03-01', 121),
('Beatrice', 1, 'verified', '31.731870', '-87.208574', '2015-03-01', '2015-03-01', '2015-03-01', 122),
('Jackson', 1, 'verified', '31.508341', '-87.895010', '2015-03-01', '2015-03-01', '2015-03-01', 123),
('Jacksonville', 1, 'verified', '33.814222', '-85.761183', '2015-03-01', '2015-03-01', '2015-03-01', 124),
('Irondale', 1, 'verified', '33.537940', '-86.706719', '2015-03-01', '2015-03-01', '2015-03-01', 125),
('Jemison', 1, 'verified', '32.960356', '-86.744099', '2015-03-01', '2015-03-01', '2015-03-01', 126),
('Bessemer', 1, 'verified', '33.402030', '-86.953994', '2015-03-01', '2015-03-01', '2015-03-01', 127),
('Selma', 1, 'verified', '32.411790', '-87.022234', '2015-03-01', '2015-03-01', '2015-03-01', 128),
('Grant', 1, 'verified', '34.526192', '-86.252800', '2015-03-01', '2015-03-01', '2015-03-01', 129),
('Orrville', 1, 'verified', '32.306622', '-87.246934', '2015-03-01', '2015-03-01', '2015-03-01', 130),
('Carrollton', 1, 'verified', '33.262005', '-88.094464', '2015-03-01', '2015-03-01', '2015-03-01', 131),
('Lafayette', 1, 'verified', '32.899420', '-85.401234', '2015-03-01', '2015-03-01', '2015-03-01', 132),
('Vernon', 1, 'verified', '33.758547', '-88.108905', '2015-03-01', '2015-03-01', '2015-03-01', 133),
('Lanett', 1, 'verified', '32.871337', '-85.186115', '2015-03-01', '2015-03-01', '2015-03-01', 134),
('Moulton', 1, 'verified', '34.481115', '-87.292409', '2015-03-01', '2015-03-01', '2015-03-01', 135),
('Leeds', 1, 'verified', '33.542470', '-86.540814', '2015-03-01', '2015-03-01', '2015-03-01', 136),
('Lincoln', 1, 'verified', '33.603865', '-86.119529', '2015-03-01', '2015-03-01', '2015-03-01', 137),
('Linden', 1, 'verified', '32.306695', '-87.797969', '2015-03-01', '2015-03-01', '2015-03-01', 138),
('Lineville', 1, 'verified', '33.310616', '-85.753501', '2015-03-01', '2015-03-01', '2015-03-01', 139),
('Livingston', 1, 'verified', '32.583785', '-88.186874', '2015-03-01', '2015-03-01', '2015-03-01', 140),
('Loachapoka', 1, 'verified', '32.604344', '-85.599579', '2015-03-01', '2015-03-01', '2015-03-01', 141),
('Locust Fork', 1, 'verified', '33.908435', '-86.616014', '2015-03-01', '2015-03-01', '2015-03-01', 142),
('Hayneville', 1, 'verified', '32.184030', '-86.580384', '2015-03-01', '2015-03-01', '2015-03-01', 143),
('Lynn', 1, 'verified', '34.046760', '-87.549774', '2015-03-01', '2015-03-01', '2015-03-01', 144),
('Gurley', 1, 'verified', '34.696074', '-86.376290', '2015-03-01', '2015-03-01', '2015-03-01', 145),
('Marbury', 1, 'verified', '32.700589', '-86.465730', '2015-03-01', '2015-03-01', '2015-03-01', 146),
('Guin', 1, 'verified', '33.965649', '-87.914119', '2015-03-01', '2015-03-01', '2015-03-01', 147),
('Marion', 1, 'verified', '32.634632', '-87.319133', '2015-03-01', '2015-03-01', '2015-03-01', 148),
('Semmes', 1, 'verified', '30.778855', '-88.258839', '2015-03-01', '2015-03-01', '2015-03-01', 149),
('Arley', 1, 'verified', '34.078806', '-87.212411', '2015-03-01', '2015-03-01', '2015-03-01', 150),
('Midfield', 1, 'verified', '33.466785', '-86.907899', '2015-03-01', '2015-03-01', '2015-03-01', 151),
('Adamsville', 1, 'verified', '33.600555', '-86.953719', '2015-03-01', '2015-03-01', '2015-03-01', 152),
('Monroeville', 1, 'verified', '31.527316', '-87.323871', '2015-03-01', '2015-03-01', '2015-03-01', 153),
('Montevallo', 1, 'verified', '33.100615', '-86.862594', '2015-03-01', '2015-03-01', '2015-03-01', 154),
('Ramer', 1, 'verified', '32.050440', '-86.221063', '2015-03-01', '2015-03-01', '2015-03-01', 155),
('Moody', 1, 'verified', '33.591532', '-86.494821', '2015-03-01', '2015-03-01', '2015-03-01', 156),
('Morris', 1, 'verified', '33.747210', '-86.808859', '2015-03-01', '2015-03-01', '2015-03-01', 157),
('Mountain Brook', 1, 'verified', '33.502115', '-86.755509', '2015-03-01', '2015-03-01', '2015-03-01', 158),
('Munford', 1, 'verified', '33.526665', '-85.953529', '2015-03-01', '2015-03-01', '2015-03-01', 159),
('Muscle Shoals', 1, 'verified', '34.742435', '-87.667709', '2015-03-01', '2015-03-01', '2015-03-01', 160),
('New Brockton', 1, 'verified', '31.385655', '-85.929139', '2015-03-01', '2015-03-01', '2015-03-01', 161),
('New Hope', 1, 'verified', '34.538731', '-86.395218', '2015-03-01', '2015-03-01', '2015-03-01', 162),
('Stevenson', 1, 'verified', '34.868190', '-85.838009', '2015-03-01', '2015-03-01', '2015-03-01', 163),
('Northport', 1, 'verified', '33.240240', '-87.591524', '2015-03-01', '2015-03-01', '2015-03-01', 164),
('Oakman', 1, 'verified', '33.713680', '-87.388989', '2015-03-01', '2015-03-01', '2015-03-01', 165),
('Ohatchee', 1, 'verified', '33.784300', '-86.018423', '2015-03-01', '2015-03-01', '2015-03-01', 166),
('Ensley', 1, 'verified', '33.509510', '-86.887306', '2015-03-01', '2015-03-01', '2015-03-01', 167),
('Opp', 1, 'verified', '31.286795', '-86.255609', '2015-03-01', '2015-03-01', '2015-03-01', 168),
('Oxford', 1, 'verified', '33.613075', '-85.835699', '2015-03-01', '2015-03-01', '2015-03-01', 169),
('Parrish', 1, 'verified', '33.726648', '-87.287858', '2015-03-01', '2015-03-01', '2015-03-01', 170),
('Cottondale', 1, 'verified', '33.190167', '-87.444084', '2015-03-01', '2015-03-01', '2015-03-01', 171),
('Pelham', 1, 'verified', '33.284688', '-86.810223', '2015-03-01', '2015-03-01', '2015-03-01', 172),
('Pell City', 1, 'verified', '33.586085', '-86.286414', '2015-03-01', '2015-03-01', '2015-03-01', 173),
('Bear Creek', 1, 'verified', '34.274535', '-87.700604', '2015-03-01', '2015-03-01', '2015-03-01', 174),
('Reform', 1, 'verified', '33.378220', '-88.013489', '2015-03-01', '2015-03-01', '2015-03-01', 175),
('Piedmont', 1, 'verified', '33.922000', '-85.613519', '2015-03-01', '2015-03-01', '2015-03-01', 176),
('Brundidge', 1, 'verified', '31.720200', '-85.816771', '2015-03-01', '2015-03-01', '2015-03-01', 177),
('Pinson', 1, 'verified', '33.691210', '-86.682354', '2015-03-01', '2015-03-01', '2015-03-01', 178),
('Alpine', 1, 'verified', '33.349525', '-86.236109', '2015-03-01', '2015-03-01', '2015-03-01', 179),
('Pleasant Grove', 1, 'verified', '33.490860', '-86.970711', '2015-03-01', '2015-03-01', '2015-03-01', 180),
('Ranburne', 1, 'verified', '33.522327', '-85.344802', '2015-03-01', '2015-03-01', '2015-03-01', 181),
('Wedowee', 1, 'verified', '33.309219', '-85.485499', '2015-03-01', '2015-03-01', '2015-03-01', 182),
('Uniontown', 1, 'verified', '32.449480', '-87.513464', '2015-03-01', '2015-03-01', '2015-03-01', 183),
('Robertsdale', 1, 'verified', '30.553841', '-87.710177', '2015-03-01', '2015-03-01', '2015-03-01', 184),
('Seale', 1, 'verified', '32.314858', '-85.177094', '2015-03-01', '2015-03-01', '2015-03-01', 185),
('Samson', 1, 'verified', '31.112970', '-86.045294', '2015-03-01', '2015-03-01', '2015-03-01', 186),
('Sand Rock', 1, 'verified', '34.242369', '-85.758621', '2015-03-01', '2015-03-01', '2015-03-01', 187),
('Satsuma', 1, 'verified', '30.852410', '-88.057139', '2015-03-01', '2015-03-01', '2015-03-01', 188),
('Columbiana', 1, 'verified', '33.177900', '-86.607124', '2015-03-01', '2015-03-01', '2015-03-01', 189),
('Scottsboro', 1, 'verified', '34.681391', '-86.079315', '2015-03-01', '2015-03-01', '2015-03-01', 190),
('Sheffield', 1, 'verified', '34.759615', '-87.687024', '2015-03-01', '2015-03-01', '2015-03-01', 191),
('Alabaster', 1, 'verified', '33.245086', '-86.816224', '2015-03-01', '2015-03-01', '2015-03-01', 192),
('Slocomb', 1, 'verified', '31.107620', '-85.592984', '2015-03-01', '2015-03-01', '2015-03-01', 193),
('Smiths Station', 1, 'verified', '32.540860', '-85.089629', '2015-03-01', '2015-03-01', '2015-03-01', 194),
('Silas', 1, 'verified', '31.770325', '-88.329034', '2015-03-01', '2015-03-01', '2015-03-01', 195),
('Southside', 1, 'verified', '33.926420', '-86.023034', '2015-03-01', '2015-03-01', '2015-03-01', 196),
('Spanish Fort', 1, 'verified', '30.675129', '-87.873192', '2015-03-01', '2015-03-01', '2015-03-01', 197),
('Harvest', 1, 'verified', '34.859675', '-86.749274', '2015-03-01', '2015-03-01', '2015-03-01', 198),
('Spring Garden', 1, 'verified', '33.972889', '-85.553307', '2015-03-01', '2015-03-01', '2015-03-01', 199),
('Springville', 1, 'verified', '33.772400', '-86.474789', '2015-03-01', '2015-03-01', '2015-03-01', 200),
('Odenville', 1, 'verified', '33.685460', '-86.394599', '2015-03-01', '2015-03-01', '2015-03-01', 201),
('Millbrook', 1, 'verified', '32.480091', '-86.362160', '2015-03-01', '2015-03-01', '2015-03-01', 202),
('York', 1, 'verified', '32.488366', '-88.298840', '2015-03-01', '2015-03-01', '2015-03-01', 203),
('Talladega', 1, 'verified', '33.434510', '-86.102689', '2015-03-01', '2015-03-01', '2015-03-01', 204),
('Tallassee', 1, 'verified', '32.536025', '-85.893842', '2015-03-01', '2015-03-01', '2015-03-01', 205),
('Tarrant', 1, 'verified', '33.584588', '-86.772670', '2015-03-01', '2015-03-01', '2015-03-01', 206),
('Hillsboro', 1, 'verified', '34.639389', '-87.191071', '2015-03-01', '2015-03-01', '2015-03-01', 207),
('Theodore', 1, 'verified', '30.554330', '-88.178889', '2015-03-01', '2015-03-01', '2015-03-01', 208),
('Thomasville', 1, 'verified', '31.913639', '-87.741081', '2015-03-01', '2015-03-01', '2015-03-01', 209),
('Brewton', 1, 'verified', '31.104013', '-87.072062', '2015-03-01', '2015-03-01', '2015-03-01', 210),
('Vinemont', 1, 'verified', '34.247403', '-86.869544', '2015-03-01', '2015-03-01', '2015-03-01', 211),
('East Brewton', 1, 'verified', '31.087725', '-87.060180', '2015-03-01', '2015-03-01', '2015-03-01', 212),
('Weaver', 1, 'verified', '33.750931', '-85.812637', '2015-03-01', '2015-03-01', '2015-03-01', 213),
('Walnut Grove', 1, 'verified', '34.067532', '-86.303993', '2015-03-01', '2015-03-01', '2015-03-01', 214),
('Trinity', 1, 'verified', '34.606170', '-87.087974', '2015-03-01', '2015-03-01', '2015-03-01', 215),
('Camden', 1, 'verified', '31.993001', '-87.290489', '2015-03-01', '2015-03-01', '2015-03-01', 216),
('Winfield', 1, 'verified', '33.928581', '-87.816557', '2015-03-01', '2015-03-01', '2015-03-01', 217),
('Double Springs', 1, 'verified', '34.150316', '-87.398592', '2015-03-01', '2015-03-01', '2015-03-01', 218),
('Adak', 2, 'verified', '51.880010', '-176.657569', '2015-03-01', '2015-03-01', '2015-03-01', 219),
('Akhiok', 2, 'verified', '56.945599', '-154.169998', '2015-03-01', '2015-03-01', '2015-03-01', 220),
('Akiak', 2, 'verified', '60.909659', '-161.223451', '2015-03-01', '2015-03-01', '2015-03-01', 221),
('Kasigluk', 2, 'verified', '60.895273', '-162.517124', '2015-03-01', '2015-03-01', '2015-03-01', 222),
('Akutan', 2, 'verified', '54.134725', '-165.770554', '2015-03-01', '2015-03-01', '2015-03-01', 223),
('Wainwright', 2, 'verified', '70.643900', '-160.023794', '2015-03-01', '2015-03-01', '2015-03-01', 224),
('Alakanuk', 2, 'verified', '62.687155', '-164.665094', '2015-03-01', '2015-03-01', '2015-03-01', 225),
('Tok', 2, 'verified', '63.335670', '-142.983804', '2015-03-01', '2015-03-01', '2015-03-01', 226),
('Sand Point', 2, 'verified', '55.337009', '-160.491806', '2015-03-01', '2015-03-01', '2015-03-01', 227),
('Allakaket', 2, 'verified', '66.564032', '-152.652498', '2015-03-01', '2015-03-01', '2015-03-01', 228),
('Anchorage', 2, 'verified', '61.217550', '-149.858384', '2015-03-01', '2015-03-01', '2015-03-01', 229),
('Ambler', 2, 'verified', '67.086210', '-157.857009', '2015-03-01', '2015-03-01', '2015-03-01', 230),
('Anderson', 2, 'verified', '64.343582', '-149.178329', '2015-03-01', '2015-03-01', '2015-03-01', 231),
('St. Mary''s', 2, 'verified', '62.050328', '-163.178908', '2015-03-01', '2015-03-01', '2015-03-01', 232),
('Nulato', 2, 'verified', '64.733240', '-158.114749', '2015-03-01', '2015-03-01', '2015-03-01', 233),
('Angoon', 2, 'verified', '57.502146', '-134.582302', '2015-03-01', '2015-03-01', '2015-03-01', 234),
('Aniak', 2, 'verified', '61.581385', '-159.568004', '2015-03-01', '2015-03-01', '2015-03-01', 235),
('Elim', 2, 'verified', '64.615830', '-162.256079', '2015-03-01', '2015-03-01', '2015-03-01', 236),
('Nunapitchuk', 2, 'verified', '60.897058', '-162.452686', '2015-03-01', '2015-03-01', '2015-03-01', 237),
('St. Michael', 2, 'verified', '63.473476', '-162.052059', '2015-03-01', '2015-03-01', '2015-03-01', 238),
('Gambell', 2, 'verified', '63.776780', '-171.726134', '2015-03-01', '2015-03-01', '2015-03-01', 239),
('Noorvik', 2, 'verified', '66.836845', '-161.040919', '2015-03-01', '2015-03-01', '2015-03-01', 240),
('Platinum', 2, 'verified', '58.921607', '-161.727467', '2015-03-01', '2015-03-01', '2015-03-01', 241),
('Newtok', 2, 'verified', '60.941349', '-164.630508', '2015-03-01', '2015-03-01', '2015-03-01', 242),
('Beaver', 2, 'verified', '66.359025', '-147.395789', '2015-03-01', '2015-03-01', '2015-03-01', 243),
('Eielson AFB', 2, 'verified', '64.690529', '-147.101761', '2015-03-01', '2015-03-01', '2015-03-01', 244),
('Palmer', 2, 'verified', '61.599440', '-149.117374', '2015-03-01', '2015-03-01', '2015-03-01', 245),
('Bethel', 2, 'verified', '60.794292', '-161.760877', '2015-03-01', '2015-03-01', '2015-03-01', 246),
('Brevig Mission', 2, 'verified', '65.331960', '-166.485334', '2015-03-01', '2015-03-01', '2015-03-01', 247),
('Naknek', 2, 'verified', '58.728511', '-157.013566', '2015-03-01', '2015-03-01', '2015-03-01', 248),
('Buckland', 2, 'verified', '65.978555', '-161.123684', '2015-03-01', '2015-03-01', '2015-03-01', 249),
('Cantwell', 2, 'verified', '63.392292', '-148.949527', '2015-03-01', '2015-03-01', '2015-03-01', 250),
('Chefornak', 2, 'verified', '60.157780', '-164.274859', '2015-03-01', '2015-03-01', '2015-03-01', 251),
('Chenega Bay', 2, 'verified', '60.549709', '-145.750320', '2015-03-01', '2015-03-01', '2015-03-01', 252),
('Chevak', 2, 'verified', '61.528010', '-165.580607', '2015-03-01', '2015-03-01', '2015-03-01', 253),
('New Stuyahok', 2, 'verified', '59.451285', '-157.316939', '2015-03-01', '2015-03-01', '2015-03-01', 254),
('Kipnuk', 2, 'verified', '59.937082', '-164.041398', '2015-03-01', '2015-03-01', '2015-03-01', 255),
('Chignik Bay', 2, 'verified', '56.298599', '-158.417725', '2015-03-01', '2015-03-01', '2015-03-01', 256),
('Chignik Lagoon', 2, 'verified', '56.304878', '-158.496780', '2015-03-01', '2015-03-01', '2015-03-01', 257),
('Chignik Lake', 2, 'verified', '56.255014', '-158.761910', '2015-03-01', '2015-03-01', '2015-03-01', 258),
('Cold Bay', 2, 'verified', '55.208120', '-162.711204', '2015-03-01', '2015-03-01', '2015-03-01', 259),
('Cordova', 2, 'verified', '60.541400', '-145.749369', '2015-03-01', '2015-03-01', '2015-03-01', 260),
('Craig', 2, 'verified', '55.475025', '-133.150569', '2015-03-01', '2015-03-01', '2015-03-01', 261),
('Chuathbaluk', 2, 'verified', '61.576860', '-159.244259', '2015-03-01', '2015-03-01', '2015-03-01', 262),
('Grayling', 2, 'verified', '62.905315', '-160.066519', '2015-03-01', '2015-03-01', '2015-03-01', 263),
('Selawik', 2, 'verified', '66.600100', '-160.010968', '2015-03-01', '2015-03-01', '2015-03-01', 264),
('Deering', 2, 'verified', '66.076119', '-162.720036', '2015-03-01', '2015-03-01', '2015-03-01', 265),
('Delta Junction', 2, 'verified', '64.046610', '-145.735934', '2015-03-01', '2015-03-01', '2015-03-01', 266),
('Pedro Bay', 2, 'verified', '59.786770', '-154.105270', '2015-03-01', '2015-03-01', '2015-03-01', 267),
('Kongiganak', 2, 'verified', '59.953899', '-162.895004', '2015-03-01', '2015-03-01', '2015-03-01', 268),
('Dillingham', 2, 'verified', '59.039794', '-158.462390', '2015-03-01', '2015-03-01', '2015-03-01', 269),
('Diomede', 2, 'verified', '65.757004', '-168.949997', '2015-03-01', '2015-03-01', '2015-03-01', 270),
('Dot Lake', 2, 'verified', '63.661179', '-144.063736', '2015-03-01', '2015-03-01', '2015-03-01', 271),
('Eagle', 2, 'verified', '64.787680', '-141.202609', '2015-03-01', '2015-03-01', '2015-03-01', 272),
('Egegik', 2, 'verified', '58.217820', '-157.355146', '2015-03-01', '2015-03-01', '2015-03-01', 273),
('Emmonak', 2, 'verified', '62.776515', '-164.549347', '2015-03-01', '2015-03-01', '2015-03-01', 274),
('Fairbanks', 2, 'verified', '64.845085', '-147.722059', '2015-03-01', '2015-03-01', '2015-03-01', 275),
('False Pass', 2, 'verified', '54.851480', '-163.412834', '2015-03-01', '2015-03-01', '2015-03-01', 276),
('Central', 2, 'verified', '65.572085', '-144.803544', '2015-03-01', '2015-03-01', '2015-03-01', 277),
('Fort Yukon', 2, 'verified', '66.563708', '-145.241035', '2015-03-01', '2015-03-01', '2015-03-01', 278),
('Unalakleet', 2, 'verified', '63.878474', '-160.793061', '2015-03-01', '2015-03-01', '2015-03-01', 279),
('Galena', 2, 'verified', '64.734244', '-156.933161', '2015-03-01', '2015-03-01', '2015-03-01', 280),
('Upper Kalskag', 2, 'verified', '61.538151', '-160.314026', '2015-03-01', '2015-03-01', '2015-03-01', 281),
('Red Devil', 2, 'verified', '61.764540', '-157.312474', '2015-03-01', '2015-03-01', '2015-03-01', 282),
('Valdez', 2, 'verified', '61.130385', '-146.354104', '2015-03-01', '2015-03-01', '2015-03-01', 283),
('Manley Hot Springs', 2, 'verified', '64.981163', '-150.637314', '2015-03-01', '2015-03-01', '2015-03-01', 284),
('Glennallen', 2, 'verified', '62.107945', '-145.533184', '2015-03-01', '2015-03-01', '2015-03-01', 285),
('Gustavus', 2, 'verified', '58.412640', '-135.732999', '2015-03-01', '2015-03-01', '2015-03-01', 286),
('Haines', 2, 'verified', '59.234830', '-135.443049', '2015-03-01', '2015-03-01', '2015-03-01', 287),
('Kaktovik', 2, 'verified', '70.133625', '-143.612524', '2015-03-01', '2015-03-01', '2015-03-01', 288),
('Savoonga', 2, 'verified', '63.695092', '-170.465275', '2015-03-01', '2015-03-01', '2015-03-01', 289),
('Hollis', 2, 'verified', '55.564930', '-132.623978', '2015-03-01', '2015-03-01', '2015-03-01', 290),
('Homer', 2, 'verified', '59.646560', '-151.544229', '2015-03-01', '2015-03-01', '2015-03-01', 291),
('Hoonah', 2, 'verified', '58.108114', '-135.437693', '2015-03-01', '2015-03-01', '2015-03-01', 292),
('Hooper Bay', 2, 'verified', '61.531703', '-166.098101', '2015-03-01', '2015-03-01', '2015-03-01', 293),
('Hope', 2, 'verified', '60.919398', '-149.640777', '2015-03-01', '2015-03-01', '2015-03-01', 294),
('Big Lake', 2, 'verified', '61.512728', '-149.954444', '2015-03-01', '2015-03-01', '2015-03-01', 295),
('Coffman Cove', 2, 'verified', '56.013978', '-132.826293', '2015-03-01', '2015-03-01', '2015-03-01', 296),
('Hydaburg', 2, 'verified', '55.204970', '-132.822029', '2015-03-01', '2015-03-01', '2015-03-01', 297),
('Hyder', 2, 'verified', '55.914705', '-130.028044', '2015-03-01', '2015-03-01', '2015-03-01', 298),
('Yakutat', 2, 'verified', '59.550789', '-139.730898', '2015-03-01', '2015-03-01', '2015-03-01', 299),
('Mountain Village', 2, 'verified', '62.089440', '-163.725614', '2015-03-01', '2015-03-01', '2015-03-01', 300),
('Ivanof Bay', 2, 'verified', '55.902401', '-159.482880', '2015-03-01', '2015-03-01', '2015-03-01', 301),
('Sleetmute', 2, 'verified', '61.702220', '-157.169179', '2015-03-01', '2015-03-01', '2015-03-01', 302),
('Teller', 2, 'verified', '65.264180', '-166.363319', '2015-03-01', '2015-03-01', '2015-03-01', 303),
('Huslia', 2, 'verified', '65.702370', '-156.387192', '2015-03-01', '2015-03-01', '2015-03-01', 304),
('Atmautluak', 2, 'verified', '60.862968', '-162.275955', '2015-03-01', '2015-03-01', '2015-03-01', 305),
('Venetie', 2, 'verified', '67.009050', '-146.405966', '2015-03-01', '2015-03-01', '2015-03-01', 306),
('Crooked Creek', 2, 'verified', '61.870369', '-158.108306', '2015-03-01', '2015-03-01', '2015-03-01', 307),
('Juneau', 2, 'verified', '58.299740', '-134.406794', '2015-03-01', '2015-03-01', '2015-03-01', 308),
('Fritz Creek', 2, 'verified', '59.737659', '-151.313736', '2015-03-01', '2015-03-01', '2015-03-01', 309),
('Kake', 2, 'verified', '56.974836', '-133.941159', '2015-03-01', '2015-03-01', '2015-03-01', 310),
('Point Lay', 2, 'verified', '69.743590', '-163.017414', '2015-03-01', '2015-03-01', '2015-03-01', 311),
('Kaltag', 2, 'verified', '64.324829', '-158.724623', '2015-03-01', '2015-03-01', '2015-03-01', 312),
('Kodiak', 2, 'verified', '57.795154', '-152.394968', '2015-03-01', '2015-03-01', '2015-03-01', 313),
('Ketchikan', 2, 'verified', '55.342140', '-131.647854', '2015-03-01', '2015-03-01', '2015-03-01', 314),
('Kenai', 2, 'verified', '60.553082', '-151.259720', '2015-03-01', '2015-03-01', '2015-03-01', 315),
('Copper Center', 2, 'verified', '61.960788', '-145.314866', '2015-03-01', '2015-03-01', '2015-03-01', 316),
('Kwethluk', 2, 'verified', '60.810110', '-161.426029', '2015-03-01', '2015-03-01', '2015-03-01', 317),
('Kiana', 2, 'verified', '66.969928', '-160.428639', '2015-03-01', '2015-03-01', '2015-03-01', 318),
('King Cove', 2, 'verified', '55.060205', '-162.303404', '2015-03-01', '2015-03-01', '2015-03-01', 319),
('Klawock', 2, 'verified', '55.550775', '-133.085774', '2015-03-01', '2015-03-01', '2015-03-01', 320),
('Kokhanok', 2, 'verified', '59.438042', '-154.773819', '2015-03-01', '2015-03-01', '2015-03-01', 321),
('Koliganek', 2, 'verified', '59.728901', '-157.284775', '2015-03-01', '2015-03-01', '2015-03-01', 322),
('Kotlik', 2, 'verified', '63.032848', '-163.553574', '2015-03-01', '2015-03-01', '2015-03-01', 323),
('Koyuk', 2, 'verified', '64.931115', '-161.160364', '2015-03-01', '2015-03-01', '2015-03-01', 324),
('Quinhagak', 2, 'verified', '59.751140', '-161.907874', '2015-03-01', '2015-03-01', '2015-03-01', 325),
('Kwethiuk', 2, 'verified', '61.325384', '-154.565033', '2015-03-01', '2015-03-01', '2015-03-01', 326),
('Kwigillingok', 2, 'verified', '59.907738', '-163.026376', '2015-03-01', '2015-03-01', '2015-03-01', 327),
('King Salmon', 2, 'verified', '58.696018', '-156.697534', '2015-03-01', '2015-03-01', '2015-03-01', 328),
('Larsen Bay', 2, 'verified', '57.538350', '-153.980504', '2015-03-01', '2015-03-01', '2015-03-01', 329),
('Nome', 2, 'verified', '64.499557', '-165.404694', '2015-03-01', '2015-03-01', '2015-03-01', 330),
('Levelock', 2, 'verified', '59.112569', '-156.855742', '2015-03-01', '2015-03-01', '2015-03-01', 331),
('Tuntutuliak', 2, 'verified', '60.343155', '-162.663939', '2015-03-01', '2015-03-01', '2015-03-01', 332),
('Manokotak', 2, 'verified', '58.981724', '-159.057723', '2015-03-01', '2015-03-01', '2015-03-01', 333),
('Marshall', 2, 'verified', '61.879530', '-162.087924', '2015-03-01', '2015-03-01', '2015-03-01', 334),
('Golovin', 2, 'verified', '64.543315', '-163.032929', '2015-03-01', '2015-03-01', '2015-03-01', 335),
('Tanana', 2, 'verified', '65.171530', '-152.077714', '2015-03-01', '2015-03-01', '2015-03-01', 336),
('McGrath', 2, 'verified', '62.949119', '-155.559872', '2015-03-01', '2015-03-01', '2015-03-01', 337),
('Eagle River', 2, 'verified', '61.321600', '-149.567104', '2015-03-01', '2015-03-01', '2015-03-01', 338),
('Kivalina', 2, 'verified', '67.729752', '-164.540078', '2015-03-01', '2015-03-01', '2015-03-01', 339),
('Atqasuk', 2, 'verified', '70.480961', '-157.422280', '2015-03-01', '2015-03-01', '2015-03-01', 340),
('Mentasta Lake', 2, 'verified', '62.932941', '-143.774994', '2015-03-01', '2015-03-01', '2015-03-01', 341),
('Ruby', 2, 'verified', '64.738078', '-155.489154', '2015-03-01', '2015-03-01', '2015-03-01', 342),
('Port Heiden', 2, 'verified', '56.941090', '-158.630189', '2015-03-01', '2015-03-01', '2015-03-01', 343),
('Metlakatla', 2, 'verified', '55.130505', '-131.576544', '2015-03-01', '2015-03-01', '2015-03-01', 344),
('Lake Minchumina', 2, 'verified', '63.882545', '-152.312834', '2015-03-01', '2015-03-01', '2015-03-01', 345),
('Minto', 2, 'verified', '65.198669', '-149.529755', '2015-03-01', '2015-03-01', '2015-03-01', 346),
('Sitka', 2, 'verified', '57.052012', '-135.333750', '2015-03-01', '2015-03-01', '2015-03-01', 347),
('Nanwalek', 2, 'verified', '59.350960', '-151.915009', '2015-03-01', '2015-03-01', '2015-03-01', 348),
('Noatak', 2, 'verified', '67.571525', '-162.965024', '2015-03-01', '2015-03-01', '2015-03-01', 349),
('Toksook Bay', 2, 'verified', '60.532985', '-165.104244', '2015-03-01', '2015-03-01', '2015-03-01', 350),
('Nelson Lagoon', 2, 'verified', '56.000599', '-161.203995', '2015-03-01', '2015-03-01', '2015-03-01', 351),
('Nenana', 2, 'verified', '64.558045', '-149.099684', '2015-03-01', '2015-03-01', '2015-03-01', 352),
('Iliamna', 2, 'verified', '59.759823', '-154.910817', '2015-03-01', '2015-03-01', '2015-03-01', 353),
('Nightmute', 2, 'verified', '60.477242', '-164.721405', '2015-03-01', '2015-03-01', '2015-03-01', 354),
('Nikiski', 2, 'verified', '60.690101', '-151.291620', '2015-03-01', '2015-03-01', '2015-03-01', 355),
('Anchor Point', 2, 'verified', '59.775993', '-151.831054', '2015-03-01', '2015-03-01', '2015-03-01', 356),
('Nikolski', 2, 'verified', '52.938925', '-168.867804', '2015-03-01', '2015-03-01', '2015-03-01', 357),
('Ninilchik', 2, 'verified', '60.052399', '-151.667892', '2015-03-01', '2015-03-01', '2015-03-01', 358),
('Nondalton', 2, 'verified', '59.971720', '-154.847014', '2015-03-01', '2015-03-01', '2015-03-01', 359),
('North Pole', 2, 'verified', '64.748780', '-147.352564', '2015-03-01', '2015-03-01', '2015-03-01', 360),
('Nuiqsut', 2, 'verified', '70.214111', '-151.004135', '2015-03-01', '2015-03-01', '2015-03-01', 361),
('Anaktuvuk Pass', 2, 'verified', '68.144990', '-151.732539', '2015-03-01', '2015-03-01', '2015-03-01', 362),
('Mekoryuk', 2, 'verified', '60.390610', '-166.190502', '2015-03-01', '2015-03-01', '2015-03-01', 363),
('Old Harbor', 2, 'verified', '57.198620', '-153.305664', '2015-03-01', '2015-03-01', '2015-03-01', 364),
('Ouzinkie', 2, 'verified', '57.922450', '-152.504629', '2015-03-01', '2015-03-01', '2015-03-01', 365),
('Tununak', 2, 'verified', '60.583472', '-165.258260', '2015-03-01', '2015-03-01', '2015-03-01', 366),
('Pelican', 2, 'verified', '57.960309', '-136.228677', '2015-03-01', '2015-03-01', '2015-03-01', 367),
('Perryville', 2, 'verified', '55.912170', '-159.154266', '2015-03-01', '2015-03-01', '2015-03-01', 368),
('Petersburg', 2, 'verified', '56.806492', '-132.970917', '2015-03-01', '2015-03-01', '2015-03-01', 369),
('Pilot Point', 2, 'verified', '57.559143', '-157.578927', '2015-03-01', '2015-03-01', '2015-03-01', 370),
('Port Alexander', 2, 'verified', '56.250488', '-134.646484', '2015-03-01', '2015-03-01', '2015-03-01', 371),
('Port Graham', 2, 'verified', '59.349171', '-151.828110', '2015-03-01', '2015-03-01', '2015-03-01', 372),
('Port Lions', 2, 'verified', '57.867410', '-152.879924', '2015-03-01', '2015-03-01', '2015-03-01', 373),
('Oscarville', 2, 'verified', '60.721870', '-161.767715', '2015-03-01', '2015-03-01', '2015-03-01', 374),
('Goodnews Bay', 2, 'verified', '59.121792', '-161.587830', '2015-03-01', '2015-03-01', '2015-03-01', 375),
('Russian Mission', 2, 'verified', '61.785637', '-161.324360', '2015-03-01', '2015-03-01', '2015-03-01', 376),
('Scammon Bay', 2, 'verified', '61.842490', '-165.580219', '2015-03-01', '2015-03-01', '2015-03-01', 377),
('Seward', 2, 'verified', '60.112360', '-149.442924', '2015-03-01', '2015-03-01', '2015-03-01', 378),
('Shaktoolik', 2, 'verified', '64.354850', '-161.192754', '2015-03-01', '2015-03-01', '2015-03-01', 379),
('Sheldon Point', 2, 'verified', '62.582939', '-164.792084', '2015-03-01', '2015-03-01', '2015-03-01', 380),
('Shishmaref', 2, 'verified', '66.256800', '-166.066579', '2015-03-01', '2015-03-01', '2015-03-01', 381),
('Shungnak', 2, 'verified', '66.886245', '-157.137784', '2015-03-01', '2015-03-01', '2015-03-01', 382),
('Skagway', 2, 'verified', '59.460305', '-135.308489', '2015-03-01', '2015-03-01', '2015-03-01', 383),
('Soldotna', 2, 'verified', '60.500430', '-151.089744', '2015-03-01', '2015-03-01', '2015-03-01', 384),
('Slana', 2, 'verified', '62.687050', '-143.902832', '2015-03-01', '2015-03-01', '2015-03-01', 385),
('St. George', 2, 'verified', '56.607170', '-169.549744', '2015-03-01', '2015-03-01', '2015-03-01', 386),
('St. Paul', 2, 'verified', '44.943821', '-93.093323', '2015-03-01', '2015-03-01', '2015-03-01', 387),
('Stevens Village', 2, 'verified', '66.004375', '-149.091434', '2015-03-01', '2015-03-01', '2015-03-01', 388),
('Seldovia', 2, 'verified', '59.439910', '-151.717114', '2015-03-01', '2015-03-01', '2015-03-01', 389),
('Takotna', 2, 'verified', '62.984482', '-156.070206', '2015-03-01', '2015-03-01', '2015-03-01', 390),
('Port Alsworth', 2, 'verified', '60.395580', '-154.494465', '2015-03-01', '2015-03-01', '2015-03-01', 391),
('Tatitlek', 2, 'verified', '60.865162', '-146.677887', '2015-03-01', '2015-03-01', '2015-03-01', 392),
('Tyonek', 2, 'verified', '61.067615', '-151.137814', '2015-03-01', '2015-03-01', '2015-03-01', 393),
('Tenakee Springs', 2, 'verified', '57.777275', '-135.207564', '2015-03-01', '2015-03-01', '2015-03-01', 394),
('Tetlin', 2, 'verified', '63.137798', '-142.524002', '2015-03-01', '2015-03-01', '2015-03-01', 395),
('Thorne Bay', 2, 'verified', '55.683291', '-132.528511', '2015-03-01', '2015-03-01', '2015-03-01', 396),
('Point Hope', 2, 'verified', '68.347542', '-166.789825', '2015-03-01', '2015-03-01', '2015-03-01', 397),
('Togiak', 2, 'verified', '59.060340', '-160.377704', '2015-03-01', '2015-03-01', '2015-03-01', 398),
('Nikolai', 2, 'verified', '63.012270', '-154.381634', '2015-03-01', '2015-03-01', '2015-03-01', 399),
('Healy', 2, 'verified', '63.871579', '-148.999466', '2015-03-01', '2015-03-01', '2015-03-01', 400),
('Chalkyitsik', 2, 'verified', '66.654290', '-143.722659', '2015-03-01', '2015-03-01', '2015-03-01', 401),
('Northway', 2, 'verified', '62.960018', '-141.928909', '2015-03-01', '2015-03-01', '2015-03-01', 402),
('Wasilla', 2, 'verified', '61.582245', '-149.445364', '2015-03-01', '2015-03-01', '2015-03-01', 403),
('White Mountain', 2, 'verified', '64.681065', '-163.408449', '2015-03-01', '2015-03-01', '2015-03-01', 404),
('Whittier', 2, 'verified', '60.773185', '-148.684694', '2015-03-01', '2015-03-01', '2015-03-01', 405),
('Napakiak', 2, 'verified', '60.694331', '-161.967179', '2015-03-01', '2015-03-01', '2015-03-01', 406),
('Wiseman Village', 2, 'verified', '36.237911', '-91.834602', '2015-03-01', '2015-03-01', '2015-03-01', 407),
('Reid Street Wrangell', 2, 'verified', '56.472840', '-132.383029', '2015-03-01', '2015-03-01', '2015-03-01', 408),
('Atka', 2, 'verified', '52.194804', '-174.197128', '2015-03-01', '2015-03-01', '2015-03-01', 409),
('Mesa', 3, 'verified', '33.417045', '-111.831459', '2015-03-01', '2015-03-01', '2015-03-01', 410),
('Phoenix', 3, 'verified', '33.448260', '-112.075774', '2015-03-01', '2015-03-01', '2015-03-01', 411),
('Avondale', 3, 'verified', '33.440500', '-112.349664', '2015-03-01', '2015-03-01', '2015-03-01', 412),
('Mohave Valley', 3, 'verified', '34.923840', '-114.597859', '2015-03-01', '2015-03-01', '2015-03-01', 413),
('Whiteriver', 3, 'verified', '33.834865', '-109.964934', '2015-03-01', '2015-03-01', '2015-03-01', 414),
('Tucson', 3, 'verified', '32.221553', '-110.969754', '2015-03-01', '2015-03-01', '2015-03-01', 415),
('Wellton', 3, 'verified', '32.672722', '-114.147167', '2015-03-01', '2015-03-01', '2015-03-01', 416),
('Apache Junction', 3, 'verified', '33.423140', '-111.546119', '2015-03-01', '2015-03-01', '2015-03-01', 417),
('Glendale', 3, 'verified', '33.538580', '-112.186279', '2015-03-01', '2015-03-01', '2015-03-01', 418),
('Ash Fork', 3, 'verified', '35.223900', '-112.481424', '2015-03-01', '2015-03-01', '2015-03-01', 419),
('Yuma', 3, 'verified', '32.684850', '-114.624614', '2015-03-01', '2015-03-01', '2015-03-01', 420),
('Sells', 3, 'verified', '31.916466', '-111.889154', '2015-03-01', '2015-03-01', '2015-03-01', 421),
('Chandler', 3, 'verified', '33.303385', '-111.840829', '2015-03-01', '2015-03-01', '2015-03-01', 422),
('Benson', 3, 'verified', '31.968784', '-110.298684', '2015-03-01', '2015-03-01', '2015-03-01', 423),
('Bisbee', 3, 'verified', '31.441823', '-109.914459', '2015-03-01', '2015-03-01', '2015-03-01', 424),
('Lakeside', 3, 'verified', '34.136219', '-109.950882', '2015-03-01', '2015-03-01', '2015-03-01', 425),
('Bowie', 3, 'verified', '32.326695', '-109.486909', '2015-03-01', '2015-03-01', '2015-03-01', 426),
('Prescott Valley', 3, 'verified', '34.585999', '-112.322906', '2015-03-01', '2015-03-01', '2015-03-01', 427),
('Sierra Vista', 3, 'verified', '31.569450', '-110.274679', '2015-03-01', '2015-03-01', '2015-03-01', 428),
('Camp Verde', 3, 'verified', '34.562045', '-111.853554', '2015-03-01', '2015-03-01', '2015-03-01', 429),
('Oro Valley', 3, 'verified', '32.407660', '-110.995691', '2015-03-01', '2015-03-01', '2015-03-01', 430),
('Prescott', 3, 'verified', '34.541425', '-112.468729', '2015-03-01', '2015-03-01', '2015-03-01', 431),
('Cave Creek', 3, 'verified', '33.827594', '-111.955097', '2015-03-01', '2015-03-01', '2015-03-01', 432),
('Casa Grande', 3, 'verified', '32.879545', '-111.750324', '2015-03-01', '2015-03-01', '2015-03-01', 433),
('Peoria', 3, 'verified', '33.577314', '-112.240909', '2015-03-01', '2015-03-01', '2015-03-01', 434),
('Laveen', 3, 'verified', '33.362955', '-112.164819', '2015-03-01', '2015-03-01', '2015-03-01', 435),
('Scottsdale', 3, 'verified', '33.494000', '-111.920694', '2015-03-01', '2015-03-01', '2015-03-01', 436),
('Chino Valley', 3, 'verified', '34.755345', '-112.453985', '2015-03-01', '2015-03-01', '2015-03-01', 437),
('Vail', 3, 'verified', '32.047871', '-110.712020', '2015-03-01', '2015-03-01', '2015-03-01', 438),
('Flagstaff', 3, 'verified', '35.198200', '-111.651304', '2015-03-01', '2015-03-01', '2015-03-01', 439),
('Tempe', 3, 'verified', '33.425510', '-111.937419', '2015-03-01', '2015-03-01', '2015-03-01', 440),
('Coolidge', 3, 'verified', '32.977625', '-111.517029', '2015-03-01', '2015-03-01', '2015-03-01', 441),
('Goodyear', 3, 'verified', '33.436305', '-112.358299', '2015-03-01', '2015-03-01', '2015-03-01', 442),
('Gilbert', 3, 'verified', '33.329042', '-111.789767', '2015-03-01', '2015-03-01', '2015-03-01', 443),
('Winslow', 3, 'verified', '35.024260', '-110.696244', '2015-03-01', '2015-03-01', '2015-03-01', 444),
('Douglas', 3, 'verified', '31.344444', '-109.552134', '2015-03-01', '2015-03-01', '2015-03-01', 445),
('El Mirage', 3, 'verified', '33.615280', '-112.322579', '2015-03-01', '2015-03-01', '2015-03-01', 446),
('Florence', 3, 'verified', '33.038815', '-111.387544', '2015-03-01', '2015-03-01', '2015-03-01', 447),
('Fort Thomas', 3, 'verified', '33.037375', '-109.966179', '2015-03-01', '2015-03-01', '2015-03-01', 448),
('Fredonia', 3, 'verified', '36.952020', '-112.526414', '2015-03-01', '2015-03-01', '2015-03-01', 449),
('Thatcher', 3, 'verified', '32.849150', '-109.760019', '2015-03-01', '2015-03-01', '2015-03-01', 450),
('Globe', 3, 'verified', '33.395760', '-110.789124', '2015-03-01', '2015-03-01', '2015-03-01', 451),
('Grand Canyon', 3, 'verified', '36.054885', '-112.122099', '2015-03-01', '2015-03-01', '2015-03-01', 452),
('Tuba City', 3, 'verified', '36.125705', '-111.236889', '2015-03-01', '2015-03-01', '2015-03-01', 453),
('Winkelman', 3, 'verified', '32.987755', '-110.772749', '2015-03-01', '2015-03-01', '2015-03-01', 454),
('Keams Canyon', 3, 'verified', '35.812986', '-110.201901', '2015-03-01', '2015-03-01', '2015-03-01', 455),
('Joseph City', 3, 'verified', '34.955995', '-110.332159', '2015-03-01', '2015-03-01', '2015-03-01', 456),
('Kingman', 3, 'verified', '35.188825', '-114.055434', '2015-03-01', '2015-03-01', '2015-03-01', 457),
('Lake Havasu City', 3, 'verified', '34.473980', '-114.345864', '2015-03-01', '2015-03-01', '2015-03-01', 458),
('Show Low', 3, 'verified', '34.250185', '-110.043019', '2015-03-01', '2015-03-01', '2015-03-01', 459),
('Marana', 3, 'verified', '32.460571', '-111.218109', '2015-03-01', '2015-03-01', '2015-03-01', 460),
('Mayer', 3, 'verified', '34.398443', '-112.231009', '2015-03-01', '2015-03-01', '2015-03-01', 461),
('Miami', 3, 'verified', '33.398526', '-110.870550', '2015-03-01', '2015-03-01', '2015-03-01', 462),
('Cottonwood', 3, 'verified', '34.739960', '-112.009744', '2015-03-01', '2015-03-01', '2015-03-01', 463),
('Heber', 3, 'verified', '34.431133', '-110.596555', '2015-03-01', '2015-03-01', '2015-03-01', 464),
('Bullhead City', 3, 'verified', '35.125704', '-114.578445', '2015-03-01', '2015-03-01', '2015-03-01', 465),
('Kayenta', 3, 'verified', '36.724457', '-110.256470', '2015-03-01', '2015-03-01', '2015-03-01', 466),
('Sfford', 3, 'verified', '32.834370', '-109.708244', '2015-03-01', '2015-03-01', '2015-03-01', 467),
('Snowflake', 3, 'verified', '34.512660', '-110.078974', '2015-03-01', '2015-03-01', '2015-03-01', 468),
('Nogales', 3, 'verified', '31.337835', '-110.940064', '2015-03-01', '2015-03-01', '2015-03-01', 469),
('Taylor', 3, 'verified', '34.468665', '-110.091033', '2015-03-01', '2015-03-01', '2015-03-01', 470),
('Humboldt', 3, 'verified', '34.498769', '-112.236017', '2015-03-01', '2015-03-01', '2015-03-01', 471),
('Page', 3, 'verified', '36.919837', '-111.461758', '2015-03-01', '2015-03-01', '2015-03-01', 472),
('Parker', 3, 'verified', '34.149885', '-114.288799', '2015-03-01', '2015-03-01', '2015-03-01', 473),
('Patagonia', 3, 'verified', '31.540795', '-110.752124', '2015-03-01', '2015-03-01', '2015-03-01', 474),
('Rimrock', 3, 'verified', '34.648356', '-111.785229', '2015-03-01', '2015-03-01', '2015-03-01', 475),
('Payson', 3, 'verified', '34.231321', '-111.324678', '2015-03-01', '2015-03-01', '2015-03-01', 476),
('Pima', 3, 'verified', '32.896240', '-109.828284', '2015-03-01', '2015-03-01', '2015-03-01', 477),
('Pinon', 3, 'verified', '36.101375', '-110.225622', '2015-03-01', '2015-03-01', '2015-03-01', 478),
('Queen Creek', 3, 'verified', '33.244670', '-111.634519', '2015-03-01', '2015-03-01', '2015-03-01', 479),
('Kearny', 3, 'verified', '33.059980', '-110.905189', '2015-03-01', '2015-03-01', '2015-03-01', 480),
('Teec Nos Pos', 3, 'verified', '36.923345', '-109.091759', '2015-03-01', '2015-03-01', '2015-03-01', 481),
('Pinetop', 3, 'verified', '34.125809', '-109.935471', '2015-03-01', '2015-03-01', '2015-03-01', 482),
('Springerville', 3, 'verified', '34.133475', '-109.285324', '2015-03-01', '2015-03-01', '2015-03-01', 483),
('Rio Rico', 3, 'verified', '31.474939', '-110.983141', '2015-03-01', '2015-03-01', '2015-03-01', 484),
('Eagar', 3, 'verified', '34.110950', '-109.292629', '2015-03-01', '2015-03-01', '2015-03-01', 485),
('Safford', 3, 'verified', '32.834370', '-109.708244', '2015-03-01', '2015-03-01', '2015-03-01', 486),
('Sahuarita', 3, 'verified', '31.957660', '-110.954729', '2015-03-01', '2015-03-01', '2015-03-01', 487),
('Salome', 3, 'verified', '33.782080', '-113.613189', '2015-03-01', '2015-03-01', '2015-03-01', 488),
('San Carlos', 3, 'verified', '33.351385', '-110.452454', '2015-03-01', '2015-03-01', '2015-03-01', 489),
('San Manuel', 3, 'verified', '32.613585', '-110.627653', '2015-03-01', '2015-03-01', '2015-03-01', 490);
INSERT INTO `city` (`Name`, `StateID`, `Status`, `Latitude`, `Longitude`, `DateAdded`, `DateTimeAdded`, `LastUpdated`, `ID`) VALUES
('Sanders', 3, 'verified', '35.215199', '-109.332733', '2015-03-01', '2015-03-01', '2015-03-01', 491),
('Eloy', 3, 'verified', '32.752420', '-111.555554', '2015-03-01', '2015-03-01', '2015-03-01', 492),
('Quartzsite', 3, 'verified', '33.676200', '-114.217079', '2015-03-01', '2015-03-01', '2015-03-01', 493),
('Sedona', 3, 'verified', '34.865979', '-111.763818', '2015-03-01', '2015-03-01', '2015-03-01', 494),
('Seligman', 3, 'verified', '35.326635', '-112.874844', '2015-03-01', '2015-03-01', '2015-03-01', 495),
('Hereford', 3, 'verified', '31.439282', '-110.100314', '2015-03-01', '2015-03-01', '2015-03-01', 496),
('St. David', 3, 'verified', '31.905265', '-110.219589', '2015-03-01', '2015-03-01', '2015-03-01', 497),
('St. Johns', 3, 'verified', '34.506765', '-109.365589', '2015-03-01', '2015-03-01', '2015-03-01', 498),
('Superior', 3, 'verified', '33.289096', '-111.100520', '2015-03-01', '2015-03-01', '2015-03-01', 499),
('WayTombstone', 3, 'verified', '34.167874', '-111.930706', '2015-03-01', '2015-03-01', '2015-03-01', 500),
('Tonopah', 3, 'verified', '33.492460', '-112.936939', '2015-03-01', '2015-03-01', '2015-03-01', 501),
('Elfrida', 3, 'verified', '31.681654', '-109.687205', '2015-03-01', '2015-03-01', '2015-03-01', 502),
('Showlow', 3, 'verified', '34.250185', '-110.043019', '2015-03-01', '2015-03-01', '2015-03-01', 503),
('Willcox', 3, 'verified', '32.253135', '-109.832069', '2015-03-01', '2015-03-01', '2015-03-01', 504),
('Williams', 3, 'verified', '35.250000', '-112.190754', '2015-03-01', '2015-03-01', '2015-03-01', 505);

-- --------------------------------------------------------

--
-- Table structure for table `state`
--

CREATE TABLE `state` (
  `Name` varchar(60) DEFAULT NULL,
  `Abbreviation` varchar(2) DEFAULT NULL,
  `DateAdded` date DEFAULT NULL,
  `DateTimeAdded` date DEFAULT NULL,
  `LastUpdated` date DEFAULT NULL,
  `ID` int(11) NOT NULL
) ENGINE=InnoDB DEFAULT CHARSET=utf8;

--
-- Dumping data for table `state`
--

INSERT INTO `state` (`Name`, `Abbreviation`, `DateAdded`, `DateTimeAdded`, `LastUpdated`, `ID`) VALUES
('Alabama', 'AL', '2015-03-01', '2015-03-01', '2015-03-01', 1),
('Alaska', 'AK', '2015-03-01', '2015-03-01', '2015-03-01', 2),
('Arizona', 'AZ', '2015-03-01', '2015-03-01', '2015-03-01', 3),
('Arkansas', 'AR', '2015-03-01', '2015-03-01', '2015-03-01', 4),
('California', 'CA', '2015-03-01', '2015-03-01', '2015-03-01', 5),
('Colorado', 'CO', '2015-03-01', '2015-03-01', '2015-03-01', 6),
('Connecticut', 'CT', '2015-03-01', '2015-03-01', '2015-03-01', 7),
('Delaware', 'DE', '2015-03-01', '2015-03-01', '2015-03-01', 8),
('Florida', 'FL', '2015-03-01', '2015-03-01', '2015-03-01', 9),
('Georgia', 'GA', '2015-03-01', '2015-03-01', '2015-03-01', 10),
('Hawaii', 'HI', '2015-03-01', '2015-03-01', '2015-03-01', 11),
('Idaho', 'ID', '2015-03-01', '2015-03-01', '2015-03-01', 12),
('Illinois', 'IL', '2015-03-01', '2015-03-01', '2015-03-01', 13),
('Indiana', 'IN', '2015-03-01', '2015-03-01', '2015-03-01', 14),
('Iowa', 'IA', '2015-03-01', '2015-03-01', '2015-03-01', 15),
('Kansas', 'KS', '2015-03-01', '2015-03-01', '2015-03-01', 16),
('Kentucky', 'KY', '2015-03-01', '2015-03-01', '2015-03-01', 17),
('Louisiana', 'LA', '2015-03-01', '2015-03-01', '2015-03-01', 18),
('Maine', 'ME', '2015-03-01', '2015-03-01', '2015-03-01', 19),
('Maryland', 'MD', '2015-03-01', '2015-03-01', '2015-03-01', 20),
('Massachusetts', 'MA', '2015-03-01', '2015-03-01', '2015-03-01', 21),
('Michigan', 'MI', '2015-03-01', '2015-03-01', '2015-03-01', 22),
('Minnesota', 'MN', '2015-03-01', '2015-03-01', '2015-03-01', 23),
('Mississippi', 'MS', '2015-03-01', '2015-03-01', '2015-03-01', 24),
('Missouri', 'MO', '2015-03-01', '2015-03-01', '2015-03-01', 25),
('Montana', 'MT', '2015-03-01', '2015-03-01', '2015-03-01', 26),
('Nebraska', 'NE', '2015-03-01', '2015-03-01', '2015-03-01', 27),
('Nevada', 'NV', '2015-03-01', '2015-03-01', '2015-03-01', 28),
('New Hampshire', 'NH', '2015-03-01', '2015-03-01', '2015-03-01', 29),
('New Jersey', 'NJ', '2015-03-01', '2015-03-01', '2015-03-01', 30),
('New Mexico', 'NM', '2015-03-01', '2015-03-01', '2015-03-01', 31),
('New York', 'NY', '2015-03-01', '2015-03-01', '2015-03-01', 32),
('North Carolina', 'NC', '2015-03-01', '2015-03-01', '2015-03-01', 33),
('North Dakota', 'ND', '2015-03-01', '2015-03-01', '2015-03-01', 34),
('Ohio', 'OH', '2015-03-01', '2015-03-01', '2015-03-01', 35),
('Oklahoma', 'OK', '2015-03-01', '2015-03-01', '2015-03-01', 36),
('Oregon', 'OR', '2015-03-01', '2015-03-01', '2015-03-01', 37),
('Pennsylvania', 'PA', '2015-03-01', '2015-03-01', '2015-03-01', 38),
('Rhode Island', 'RI', '2015-03-01', '2015-03-01', '2015-03-01', 39),
('South Carolina', 'SC', '2015-03-01', '2015-03-01', '2015-03-01', 40),
('South Dakota', 'SD', '2015-03-01', '2015-03-01', '2015-03-01', 41),
('Tennessee', 'TN', '2015-03-01', '2015-03-01', '2015-03-01', 42),
('Texas', 'TX', '2015-03-01', '2015-03-01', '2015-03-01', 43),
('Utah', 'UT', '2015-03-01', '2015-03-01', '2015-03-01', 44),
('Vermont', 'VT', '2015-03-01', '2015-03-01', '2015-03-01', 45),
('Virginia', 'VA', '2015-03-01', '2015-03-01', '2015-03-01', 46),
('Washington', 'WA', '2015-03-01', '2015-03-01', '2015-03-01', 47),
('West Virginia', 'WV', '2015-03-01', '2015-03-01', '2015-03-01', 48),
('Wisconsin', 'WI', '2015-03-01', '2015-03-01', '2015-03-01', 49),
('Wyoming', 'WY', '2015-03-01', '2015-03-01', '2015-03-01', 50),
('Washington DC', 'DC', '2015-03-01', '2015-03-01', '2015-03-01', 51);

-- --------------------------------------------------------

--
-- Table structure for table `user`
--

CREATE TABLE `user` (
  `FirstName` varchar(7) DEFAULT NULL,
  `LastName` varchar(8) DEFAULT NULL,
  `username` varchar(255) NOT NULL,
  `password` varchar(255) NOT NULL,
  `enabled` int(11) NOT NULL,
  `DateAdded` date DEFAULT NULL,
  `DateTimeAdded` date DEFAULT NULL,
  `LastUpdated` date DEFAULT NULL,
  `ID` int(11) NOT NULL,
  `role` varchar(255) DEFAULT NULL
) ENGINE=InnoDB DEFAULT CHARSET=utf8;

--
-- Dumping data for table `user`
--

INSERT INTO `user` (`FirstName`, `LastName`, `username`, `password`, `enabled`, `DateAdded`, `DateTimeAdded`, `LastUpdated`, `ID`, `role`) VALUES
('Henry', 'Harrison', 'henry', '$2a$08$zPcG7krLe6ZNBSGRmatD2eAW.lKwX6CqrQhz0p.5HCqmq0S3OfsVK', 1, '2015-03-01', '2015-03-01', '2015-03-01', 1, 'ROLE_USER'),
('John', 'Smith', 'john', '$2a$08$zPcG7krLe6ZNBSGRmatD2eAW.lKwX6CqrQhz0p.5HCqmq0S3OfsVK', 1, '2015-03-01', '2015-03-01', '2015-03-01', 2, 'ROLE_ADMIN'),
('Jim', 'Smith', 'jim', '$2a$08$zPcG7krLe6ZNBSGRmatD2eAW.lKwX6CqrQhz0p.5HCqmq0S3OfsVK', 1, '2015-03-01', '2015-03-01', '2015-03-01', 3, NULL),
('Jose', 'Gonzales', 'jose', '$2a$08$zPcG7krLe6ZNBSGRmatD2eAW.lKwX6CqrQhz0p.5HCqmq0S3OfsVK', 0, '2015-03-01', '2015-03-01', '2015-03-01', 4, NULL),
('Andrew', 'Watson', 'andrew', '$2a$08$zPcG7krLe6ZNBSGRmatD2eAW.lKwX6CqrQhz0p.5HCqmq0S3OfsVK', 0, '2015-03-01', '2015-03-01', '2015-03-01', 5, NULL),
('Bill', 'Brown', 'bill', '$2a$08$zPcG7krLe6ZNBSGRmatD2eAW.lKwX6CqrQhz0p.5HCqmq0S3OfsVK', 0, '2015-03-01', '2015-03-01', '2015-03-01', 6, NULL),
('Michael', 'Jackson', 'michael', '$2a$08$zPcG7krLe6ZNBSGRmatD2eAW.lKwX6CqrQhz0p.5HCqmq0S3OfsVK', 0, '2015-03-01', '2015-03-01', '2015-03-01', 7, NULL),
('Eliscia', 'Smith', 'eliscia', '$2a$08$zPcG7krLe6ZNBSGRmatD2eAW.lKwX6CqrQhz0p.5HCqmq0S3OfsVK', 0, '2015-03-01', '2015-03-01', '2015-03-01', 8, NULL),
('Chris', 'Jones', 'chris', '$2a$08$zPcG7krLe6ZNBSGRmatD2eAW.lKwX6CqrQhz0p.5HCqmq0S3OfsVK', 0, '2015-03-01', '2015-03-01', '2015-03-01', 9, NULL);

-- --------------------------------------------------------

--
-- Table structure for table `user_city`
--

CREATE TABLE `user_city` (
  `user_id` int(11) NOT NULL,
  `city_id` int(11) NOT NULL
) ENGINE=InnoDB DEFAULT CHARSET=latin1;

--
-- Dumping data for table `user_city`
--

INSERT INTO `user_city` (`user_id`, `city_id`) VALUES
(1, 5),
(2, 1),
(2, 5);

--
-- Indexes for dumped tables
--

--
-- Indexes for table `city`
--
ALTER TABLE `city`
  ADD PRIMARY KEY (`ID`),
  ADD KEY `StateID` (`StateID`),
  ADD KEY `ID` (`ID`);

--
-- Indexes for table `state`
--
ALTER TABLE `state`
  ADD PRIMARY KEY (`ID`);

--
-- Indexes for table `user`
--
ALTER TABLE `user`
  ADD PRIMARY KEY (`ID`);

--
-- Indexes for table `user_city`
--
ALTER TABLE `user_city`
  ADD PRIMARY KEY (`user_id`,`city_id`),
  ADD KEY `FK14350D5F7ED591CB` (`city_id`),
  ADD KEY `FK14350D5FB698ADCB` (`user_id`);

--
-- AUTO_INCREMENT for dumped tables
--

--
-- AUTO_INCREMENT for table `city`
--
ALTER TABLE `city`
  MODIFY `ID` int(11) NOT NULL AUTO_INCREMENT, AUTO_INCREMENT=506;
--
-- AUTO_INCREMENT for table `state`
--
ALTER TABLE `state`
  MODIFY `ID` int(11) NOT NULL AUTO_INCREMENT, AUTO_INCREMENT=52;
--
-- AUTO_INCREMENT for table `user`
--
ALTER TABLE `user`
  MODIFY `ID` int(11) NOT NULL AUTO_INCREMENT, AUTO_INCREMENT=10;
--
-- Constraints for dumped tables
--

--
-- Constraints for table `city`
--
ALTER TABLE `city`
  ADD CONSTRAINT `city_ibfk_1` FOREIGN KEY (`StateID`) REFERENCES `state` (`ID`) ON UPDATE CASCADE;

--
-- Constraints for table `user_city`
--
ALTER TABLE `user_city`
  ADD CONSTRAINT `FK14350D5F7ED591CB` FOREIGN KEY (`city_id`) REFERENCES `city` (`ID`),
  ADD CONSTRAINT `FK14350D5FB698ADCB` FOREIGN KEY (`user_id`) REFERENCES `user` (`ID`);

/*!40101 SET CHARACTER_SET_CLIENT=@OLD_CHARACTER_SET_CLIENT */;
/*!40101 SET CHARACTER_SET_RESULTS=@OLD_CHARACTER_SET_RESULTS */;
/*!40101 SET COLLATION_CONNECTION=@OLD_COLLATION_CONNECTION */;
